title,day_posted,link,price,location,condition,fuel,odometer,title_status,transmission,type,size
2006 Ford Escape Hybrid 4WD,Nov 26,https://newyork.craigslist.org/brk/cto/d/brooklyn-2006-ford-escape-hybrid-4wd/7237519177.html,"$1,500"," (Bergen Beach, Brooklyn)",fair,hybrid,119000,clean,automatic,SUV,
2005 Toyota Sienna 180k miles,Nov 26,https://newyork.craigslist.org/brk/cto/d/brooklyn-2005-toyota-sienna-180k-miles/7237506927.html,"$1,999","
pic
",fair,gas,180000,clean,automatic,van,mid-size
2003 Ford Windstar,Nov 26,https://newyork.craigslist.org/brk/cto/d/brooklyn-2003-ford-windstar/7237503706.html,"$1,700", (Brooklyn),good,gas,119000,clean,automatic,mini-van,full-size
2001 Volkswagen jetta Automatic Runs Great!!,Nov 26,https://newyork.craigslist.org/fct/cto/d/north-haven-2001-volkswagen-jetta/7237469768.html,"$1,300", (North Haven),excellent,gas,150000,clean,automatic,,
2012 Volkswagen Jetta,Nov 26,https://newyork.craigslist.org/lgi/cto/d/roslyn-heights-2012-volkswagen-jetta/7237450492.html,"$2,000", (Long Island),,gas,133000,clean,automatic,sedan,full-size
2002 Lexus Es300,Nov 26,https://newyork.craigslist.org/brk/cto/d/brooklyn-2002-lexus-es300/7237443654.html,"$1,500", (Brooklyn),good,gas,220000,clean,automatic,sedan,mid-size
2004 volks Passat 4motion,Nov 26,https://newyork.craigslist.org/wch/cto/d/tarrytown-2004-volks-passat-4motion/7237393199.html,"$1,900","
pic
",,gas,,clean,automatic,,
nissan altima 2001,Nov 26,https://newyork.craigslist.org/que/cto/d/woodside-nissan-altima-2001/7237353783.html,"$1,000", (Jackson heights),fair,gas,150000,clean,automatic,sedan,compact
2000 Honda Odyssey EX,Nov 26,https://newyork.craigslist.org/que/cto/d/woodside-2000-honda-odyssey-ex/7237349726.html,"$1,234", (Northern Boulevard),,gas,,clean,automatic,,
2004 Honda Civic,Nov 26,https://newyork.craigslist.org/fct/cto/d/danbury-2004-honda-civic/7237309604.html,"$1,600", (Ct),good,gas,204000,clean,automatic,,
2000 Ford Expedition 4x4 4WD 5.4L Low Miles Runs and Drives,Nov 25,https://newyork.craigslist.org/stn/cto/d/staten-island-2000-ford-expedition-4x4/7237141109.html,"$1,800", (Staten Island),fair,gas,70725,clean,automatic,,
2002 Honda Accord BRING OFFERS,Nov 25,https://newyork.craigslist.org/que/cto/d/brooklyn-2002-honda-accord-bring-offers/7237130492.html,"$1,300", (Brooklyn),fair,gas,205000,clean,manual,,
2001 Volkswagen cabrio convertable,Nov 25,https://newyork.craigslist.org/lgi/cto/d/sea-cliff-2001-volkswagen-cabrio/7237122517.html,"$1,000", (Glen cove),salvage,gas,12000,clean,automatic,convertible,full-size
2010 NISSAN SANTRA,Nov 25,https://newyork.craigslist.org/brk/cto/d/brooklyn-2010-nissan-santra/7236985101.html,"$2,000", (Brooklyn),good,gas,190000,clean,automatic,sedan,mid-size
2000 Ford Taurus,Nov 25,https://newyork.craigslist.org/brk/cto/d/brooklyn-2000-ford-taurus/7236974450.html,"$1,500","
pic
",,gas,,clean,automatic,,
F150 pick up truck,Nov 25,https://newyork.craigslist.org/mnh/cto/d/new-york-f150-pick-up-truck/7236972333.html,"$2,000", (East Harlem),good,gas,,clean,automatic,truck,
2006 Honda Odyssey EXL Mechanic Special,Nov 25,https://newyork.craigslist.org/lgi/cto/d/east-rockaway-2006-honda-odyssey-exl/7236936620.html,"$1,500", (Oceanside near JFK),,gas,,clean,automatic,,
2009 Nissan Sentra,Nov 25,https://newyork.craigslist.org/lgi/cto/d/east-rockaway-2009-nissan-sentra/7236933972.html,"$1,100", (Oceanside near JFK),,gas,,clean,automatic,,
1998 Toyota Corolla LE,Nov 25,https://newyork.craigslist.org/lgi/cto/d/east-rockaway-1998-toyota-corolla-le/7236931967.html,"$1,000", (Oceanside near JFK),,gas,,clean,automatic,,
2000 Infinti QX4 (Fully Loaded) 4x4 NEED TO SELL TODAY,Nov 25,https://newyork.craigslist.org/brk/cto/d/brooklyn-2000-infinti-qx4-fully-loaded/7236912989.html,"$1,450", (Brooklyn),,gas,,clean,automatic,,
98 Rav4,Nov 25,https://newyork.craigslist.org/brk/cto/d/brooklyn-98-rav4/7236902797.html,"$1,200", (BROOKLYN),fair,gas,,clean,automatic,SUV,mid-size
97 Buick Lesabre ~~Good Condition~~,Nov 25,https://newyork.craigslist.org/que/cto/d/elmhurst-97-buick-lesabre-good-condition/7236877302.html,"$1,400"," (Flushing, NY)",good,gas,110000,clean,automatic,sedan,full-size
2002 Mercedes E320 Runs Good,Nov 25,https://newyork.craigslist.org/stn/cto/d/staten-island-2002-mercedes-e320-runs/7236874140.html,"$1,350", (Staten Island),,gas,,clean,automatic,,
1996 honda civic lx 4 door 90k,Nov 25,https://newyork.craigslist.org/brk/cto/d/brooklyn-1996-honda-civic-lx-door-90k/7236870307.html,"$1,500","
pic
",,gas,96000,clean,automatic,,
2012 Dodge Caravan,Nov 25,https://newyork.craigslist.org/que/cto/d/long-island-city-2012-dodge-caravan/7236856020.html,"$1,500", (FLUSHING),fair,gas,240,clean,manual,,
Sell Your Cars In 15Mins Cash Today We Buy All Honda 718-501-5497,Nov 25,https://newyork.craigslist.org/brk/cto/d/brooklyn-sell-your-cars-in-15mins-cash/7236849063.html,"$1,500", (Brooklyn),,gas,,clean,manual,,
SELL YOUR CAR TODAY FOR CASH ON THE SPOT,Nov 25,https://newyork.craigslist.org/brk/cto/d/brooklyn-sell-your-car-today-for-cash/7236839669.html,"$1,000","
pic
",,gas,,clean,automatic,,
SELL YOUR CAR/TRUCK/VAN TODAY FOR CASH TOP DOLLAR 9292157200,Nov 25,https://newyork.craigslist.org/brk/cto/d/brooklyn-sell-your-car-truck-van-today/7236808660.html,"$1,000","
pic
",,gas,,clean,automatic,,
BMW 525i,Nov 25,https://newyork.craigslist.org/brk/cto/d/brooklyn-bmw-525i/7236784520.html,"$1,000","
pic
",fair,gas,100000,clean,automatic,sedan,full-size
Nissan Altima,Nov 25,https://newyork.craigslist.org/brk/cto/d/brooklyn-nissan-altima/7236699784.html,"$1,799","
pic
",,gas,,clean,automatic,,
2003 Hyundai Santa Fe,Nov 24,https://newyork.craigslist.org/brx/cto/d/bronx-2003-hyundai-santa-fe/7236623278.html,"$1,800", (Bronx),,gas,149000,clean,automatic,,
Nissan Quest 2005,Nov 24,https://newyork.craigslist.org/brk/cto/d/brooklyn-nissan-quest-2005/7236616631.html,"$1,300","
pic
",,gas,,clean,other,,
2002 HONDA ACCORD DX 1-OWNER 126K,Nov 24,https://newyork.craigslist.org/brk/cto/d/brooklyn-2002-honda-accord-dx-owner-126k/7236612906.html,"$1,500", (Brooklyn),good,gas,126600,clean,automatic,sedan,mid-size
1997 Honda Civic DX,Nov 24,https://newyork.craigslist.org/brk/cto/d/brooklyn-1997-honda-civic-dx/7236606367.html,"$1,700", (Brooklyn),excellent,gas,95676,clean,automatic,coupe,full-size
1999 Toyota Sienna,Nov 24,https://newyork.craigslist.org/brx/cto/d/bronx-1999-toyota-sienna/7236548909.html,"$1,900", (Bronx ny),good,gas,189,clean,automatic,mini-van,compact
"2003 Mazda Prot√©g√© 5, 5 Speed Sanual",Nov 24,https://newyork.craigslist.org/brk/cto/d/brooklyn-2003-mazda-protg-5-speed-sanual/7236479294.html,"$1,499", (Sheepshead Bay Brooklyn),,gas,200,clean,manual,hatchback,
SELL YOUR CAR TODAY FOR CASH ON THE SPOT,Nov 24,https://newyork.craigslist.org/brk/cto/d/brooklyn-sell-your-car-today-for-cash/7236476013.html,"$1,000","
pic
",,gas,,clean,automatic,,
SELL YOUR CAR TODAY FOR CASH ON THE SPOT,Nov 24,https://newyork.craigslist.org/brk/cto/d/brooklyn-sell-your-car-today-for-cash/7236458702.html,"$1,000","
pic
",,gas,,clean,automatic,,
1998 Dodge Ram Van,Nov 24,https://newyork.craigslist.org/que/cto/d/whitestone-1998-dodge-ram-van/7236388343.html,"$1,500", (Queens),good,gas,80000,clean,automatic,van,full-size
2006 Audi A4 Quatro !!!!!!,Nov 24,https://newyork.craigslist.org/brk/cto/d/ridgewood-2006-audi-a4-quatro/7236284811.html,"$1,850", (Glendale),good,gas,107,clean,automatic,sedan,mid-size
2000 ford f150 4.6L RUNS AND DRIVES STRONG Pass inspection no problems,Nov 23,https://newyork.craigslist.org/que/cto/d/woodhaven-2000-ford-f150-46l-runs-and/7236123676.html,"$1,500", (Woodhaven Jamaica av),good,gas,118456,clean,automatic,pickup,compact
2002 Mercedes E320 150K Miles,Nov 23,https://newyork.craigslist.org/stn/cto/d/staten-island-2002-mercedes-k-miles/7236057374.html,"$1,700", (Staten Island),,gas,,clean,automatic,,
2005 trailblazer,Nov 23,https://newyork.craigslist.org/lgi/cto/d/seaford-2005-trailblazer/7236044894.html,"$1,200", (Massapequa),,gas,170000,clean,automatic,,
2010 buick lucerne cxl.,Nov 23,https://newyork.craigslist.org/que/cto/d/jamaica-2010-buick-lucerne-cxl/7235934839.html,"$2,000","
pic
",,gas,,clean,automatic,,
2007 Dodge Caravan 90k miles,Nov 23,https://newyork.craigslist.org/stn/cto/d/staten-island-2007-dodge-caravan-90k/7235931942.html,"$1,900", (Staten Island),,gas,90000,clean,automatic,,
2006 Nissan Altima,Nov 23,https://newyork.craigslist.org/fct/cto/d/brookfield-2006-nissan-altima/7235922319.html,"$1,200", (brookfield),fair,gas,,clean,automatic,,
Sell Your Cars In 15Mins Cash Today We Buy All Honda 718-501-5497,Nov 23,https://newyork.craigslist.org/brk/cto/d/brooklyn-sell-your-cars-in-15mins-cash/7235837481.html,"$1,000", (Brooklyn),,gas,,clean,manual,,
Toyota Prius 2007,Nov 23,https://newyork.craigslist.org/brk/cto/d/brooklyn-toyota-prius-2007/7235821145.html,"$1,700","
pic
",good,hybrid,212000,clean,automatic,,full-size
2005 Nissan Altima 2.5 SL,Nov 23,https://newyork.craigslist.org/lgi/cto/d/long-beach-2005-nissan-altima-25-sl/7235797509.html,"$2,000", (Long Beach),fair,gas,186000,clean,automatic,sedan,full-size
$500 for any junk car,Nov 23,https://newyork.craigslist.org/que/cto/d/long-island-city-500-for-any-junk-car/7235755966.html,"$1,900", (Long Island city),new,gas,140,clean,automatic,coupe,compact
2003 Acura tl,Nov 23,https://newyork.craigslist.org/que/cto/d/jamaica-2003-acura-tl/7235743417.html,"$1,000","
pic
",good,gas,,clean,automatic,sedan,full-size
2009 Hyundai Sonata,Nov 23,https://newyork.craigslist.org/stn/cto/d/staten-island-2009-hyundai-sonata/7235720042.html,"$1,800"," (Staten Island, New York City, New York)",good,gas,227000,clean,automatic,sedan,
1988 Cadillac Eldorado,Nov 23,https://newyork.craigslist.org/que/cto/d/ozone-park-1988-cadillac-eldorado/7235587708.html,"$1,200","
pic
",,gas,109882,clean,automatic,,
2002 Honda Accord,Nov 22,https://newyork.craigslist.org/wch/cto/d/yonkers-2002-honda-accord/7235479955.html,"$1,700", (Yonkers),good,gas,200000,clean,automatic,sedan,mid-size
Chrysler LeBaron LX 92,Nov 22,https://newyork.craigslist.org/brk/cto/d/brooklyn-chrysler-lebaron-lx-92/7235405464.html,"$1,500","
pic
",,gas,,clean,automatic,,
1995 Chrysler Concorde low mileage car,Nov 22,https://newyork.craigslist.org/brk/cto/d/brooklyn-1995-chrysler-concorde-low/7235374498.html,"$1,700", (Brooklyn),excellent,gas,83000,clean,automatic,sedan,full-size
$$$ Sell Your Cars Cash Today We ùô±ùöûùö¢ All Cars 718-501-5497 $$$,Nov 22,https://newyork.craigslist.org/brk/cto/d/brooklyn-sell-your-cars-cash-today-we/7235334438.html,"$1,400", (Brooklyn),,gas,,clean,manual,,
Honda Accord,Nov 22,https://newyork.craigslist.org/brk/cto/d/brooklyn-honda-accord/7235334186.html,"$1,600","
pic
",,gas,,clean,automatic,,
98 Chevy Astro,Nov 22,https://newyork.craigslist.org/brx/cto/d/bronx-98-chevy-astro/7235309408.html,"$1,950", (Bronx),,gas,,clean,automatic,,
CADILLAC ESCALADE 2002,Nov 22,https://newyork.craigslist.org/que/cto/d/woodside-cadillac-escalade-2002/7235287437.html,"$1,550", (WOODSIDE),good,gas,96000,clean,manual,SUV,full-size
SELL YOUR CAR TODAY FOR CASH ON THE SPOT,Nov 22,https://newyork.craigslist.org/brk/cto/d/brooklyn-sell-your-car-today-for-cash/7235286390.html,"$1,000", (3479024581),,gas,,clean,other,,
EAGLE TALON,Nov 22,https://newyork.craigslist.org/stn/cto/d/staten-island-eagle-talon/7235264385.html,"$1,700", (Staten Island),good,gas,,clean,manual,coupe,full-size
2006 Nissan Altima 2.5S 4 cylinder Special Edition,Nov 22,https://newyork.craigslist.org/brk/cto/d/brooklyn-2006-nissan-altima-25s/7235171203.html,"$2,000","
pic
",,gas,,clean,automatic,,
2008 Saab 9-5,Nov 22,https://newyork.craigslist.org/brk/cto/d/brooklyn-2008-saab-5/7235165809.html,"$1,900", (Brooklyn),,,,,,,
_2007 Dodge Grand Caravan_,Nov 21,https://newyork.craigslist.org/lgi/cto/d/huntington-station-2007-dodge-grand/7235087088.html,"$1,850", (Nassau County Long Island),excellent,gas,140000,clean,automatic,,
BMW 530i 2004 139k miles gray black auto 6cyl e60 Navi leather Bluetooth,Nov 21,https://newyork.craigslist.org/brk/cto/d/brooklyn-bmw-530i-miles-gray-black-auto/7235045915.html,"$2,000","
pic
",,gas,,clean,automatic,,
BUYING CATALYTIC CONVERTERS ‚ÄºÔ∏èüí∞GET CASHüí≤üí≤,Nov 21,https://newyork.craigslist.org/brk/cto/d/brooklyn-buying-catalytic-converters/7235039404.html,"$1,000","
pic
",excellent,gas,94000,clean,automatic,,
1997 Nissan Pathfinder 4WD SE,Nov 21,https://newyork.craigslist.org/que/cto/d/fresh-meadows-1997-nissan-pathfinder/7234965644.html,"$1,750","
pic
",,gas,210000,clean,automatic,,
NISSAN PATHFINDER 4 WHEEL DRIVE,Nov 21,https://newyork.craigslist.org/brx/cto/d/fresh-meadows-nissan-pathfinder-wheel/7234963987.html,"$1,700","
pic
",,gas,210000,clean,automatic,,
2004 BUICK CENTURY CUSTOM,Nov 21,https://newyork.craigslist.org/brx/cto/d/fresh-meadows-2004-buick-century-custom/7234961983.html,"$1,895","
pic
",,gas,58000,clean,automatic,,
2005 Honda Civic LX,Nov 21,https://newyork.craigslist.org/stn/cto/d/staten-island-2005-honda-civic-lx/7234960689.html,"$1,800", (Staten Island),good,gas,171000,clean,automatic,sedan,sub-compact
2004 Acura TSX,Nov 21,https://newyork.craigslist.org/lgi/cto/d/freeport-2004-acura-tsx/7234946224.html,"$1,100", (FREEPORT),fair,gas,276707,clean,automatic,sedan,compact
2006 V. W. Passat,Nov 21,https://newyork.craigslist.org/fct/cto/d/bridgeport-2006-w-passat/7234925305.html,"$1,200", (Bridgeport),good,gas,187000,clean,automatic,,compact
1976 Chevrolet Nova,Nov 21,https://newyork.craigslist.org/que/cto/d/little-neck-1976-chevrolet-nova/7234854189.html,"$1,000", (Little Neck),salvage,gas,102056,clean,automatic,,
2006 Volkswagen,Nov 21,https://newyork.craigslist.org/que/cto/d/jamaica-2006-volkswagen/7234614398.html,"$1,000","
pic
",good,gas,130,clean,automatic,sedan,mid-size
1987 Chevy Nova LOW MILES runs and drives!,Nov 20,https://newyork.craigslist.org/que/cto/d/long-island-city-1987-chevy-nova-low/7234500171.html,"$1,950", (Long Island City),good,gas,90000,clean,automatic,sedan,
Hyundai Elantra 2003 GLS,Nov 20,https://newyork.craigslist.org/que/cto/d/flushing-hyundai-elantra-2003-gls/7234492671.html,"$1,550", (Flushing),good,gas,151000,clean,automatic,sedan,mid-size
2005 Dodge Caravan SXT,Nov 20,https://newyork.craigslist.org/que/cto/d/south-ozone-park-2005-dodge-caravan-sxt/7234475273.html,"$1,500", (Queens),,gas,,clean,automatic,,
2006 Chevy Express 2500 Cargo,Nov 20,https://newyork.craigslist.org/que/cto/d/astoria-2006-chevy-express-2500-cargo/7234348026.html,"$1,100", (Astoria),fair,diesel,243000,clean,automatic,van,full-size
2004 CHEVROLET MALIBU,Nov 20,https://newyork.craigslist.org/brk/cto/d/brooklyn-2004-chevrolet-malibu/7234290758.html,"$1,900","
pic
",good,gas,39000,clean,automatic,,
2005 Chrysler Town+Country,Nov 20,https://newyork.craigslist.org/brx/cto/d/bronx-2005-chrysler-towncountry/7234237314.html,"$1,250", (Mott Haven),,gas,200000,clean,automatic,,
1996 honda civic lx 4 door 90k,Nov 20,https://newyork.craigslist.org/brk/cto/d/brooklyn-1996-honda-civic-lx-door-90k/7234211294.html,"$1,500","
pic
",,gas,,clean,automatic,,
1996 Honda Accord LX 88k all original. Runs ok. Call or text,Nov 20,https://newyork.craigslist.org/brk/cto/d/brooklyn-1996-honda-accord-lx-88k-all/7234141290.html,"$1,800","
pic
",,gas,88000,clean,automatic,,
Toyota Matrix XRS for Sale,Nov 20,https://newyork.craigslist.org/lgi/cto/d/floral-park-toyota-matrix-xrs-for-sale/7234143061.html,"$1,600","
pic
",fair,gas,,clean,automatic,,
üöóüõ†Ô∏èAudi A4 Quattro 2006 2.0 Turbo Needs Work,Nov 20,https://newyork.craigslist.org/stn/cto/d/staten-island-audi-a4-quattro-turbo/7234109077.html,"$1,200", (Rosebank),fair,gas,138000,clean,automatic,sedan,mid-size
Saab 9-2x aero,Nov 20,https://newyork.craigslist.org/fct/cto/d/norwalk-saab-2x-aero/7234087976.html,"$2,000", (Norwalk),fair,gas,129000,clean,automatic,wagon,
1999 Mercedes E320,Nov 20,https://newyork.craigslist.org/wch/cto/d/white-plains-1999-mercedes-e320/7234064574.html,"$1,995", (White Plains),good,gas,,clean,automatic,sedan,full-size
2008 Chevrolet cobalt  (5 speeds- manual). Drives. excellent ),Nov 20,https://newyork.craigslist.org/brx/cto/d/bronx-2008-chevrolet-cobalt-speeds/7234033552.html,"$1,500", (140 E 174 St. Bronx. NY. 10457),excellent,gas,140,clean,manual,sedan,
2000 BMW 3 series,Nov 20,https://newyork.craigslist.org/lgi/cto/d/inwood-2000-bmw-series/7234001126.html,"$2,000", (Inwood),excellent,gas,180000,clean,automatic,sedan,mid-size
2000 Tyota Corolla CE 104K,Nov 19,https://newyork.craigslist.org/fct/cto/d/port-chester-2000-tyota-corolla-ce-104k/7233932817.html,"$1,000", (GREENWICH),good,gas,104224,clean,automatic,sedan,compact
2001 Toyota Camry.,Nov 19,https://newyork.craigslist.org/stn/cto/d/staten-island-2001-toyota-camry/7233856525.html,"$1,899", (Staten Island),fair,gas,169000,clean,automatic,sedan,mid-size
Cash For Unwanted Cars,Nov 19,https://newyork.craigslist.org/brk/cto/d/brooklyn-cash-for-unwanted-cars/7233846699.html,"$1,000","
pic
",,gas,,clean,automatic,,
2003 Mazda protege 5..98k miles,Nov 19,https://newyork.craigslist.org/que/cto/d/ozone-park-2003-mazda-protege-598k-miles/7233803387.html,"$1,700", (Ozone Park),,gas,,clean,automatic,,
FORD  EXPLORER,Nov 19,https://newyork.craigslist.org/stn/cto/d/staten-island-ford-explorer/7233744534.html,"$2,000", (STATEN ISLAND),fair,gas,148000,clean,manual,,full-size
2002 Ford Focus Wagon,Nov 19,https://newyork.craigslist.org/que/cto/d/astoria-2002-ford-focus-wagon/7233738287.html,"$1,999","
pic
",,gas,110000,clean,automatic,,
2010 Bmw 535xi AWD Lost Title,Nov 19,https://newyork.craigslist.org/lgi/cto/d/east-rockaway-2010-bmw-535xi-awd-lost/7233717197.html,"$2,000", (Oceanside),,gas,,clean,automatic,,
SELL YOUR CAR/TRUCK/VAN TODAY FOR CASH TOP DOLLAR 9292157200,Nov 19,https://newyork.craigslist.org/brk/cto/d/brooklyn-sell-your-car-truck-van-today/7233694534.html,"$1,000","
pic
",,gas,,clean,automatic,,
2008 Nissan versa,Nov 19,https://newyork.craigslist.org/brk/cto/d/brooklyn-2008-nissan-versa/7233401087.html,"$1,600", (Brooklyn),good,gas,201,clean,automatic,sedan,mid-size
1988 OLDSM Cutlass Supreme,Nov 19,https://newyork.craigslist.org/brx/cto/d/bronx-1988-oldsm-cutlass-supreme/7233631236.html,"$2,000", (Bronx),fair,gas,,clean,automatic,coupe,full-size
SELL YOUR CAR TODAY FOR CASH ON THE SPOT,Nov 19,https://newyork.craigslist.org/brk/cto/d/brooklyn-sell-your-car-today-for-cash/7233621686.html,"$1,000", (3479024581),,gas,1,clean,other,,
SELL YOUR CAR TODAY FOR CASH ON THE SPOT,Nov 19,https://newyork.craigslist.org/brk/cto/d/brooklyn-sell-your-car-today-for-cash/7233555295.html,"$1,000","
pic
",,gas,,clean,automatic,,
1968 Austin Healey Sprite,Nov 19,https://newyork.craigslist.org/lgi/cto/d/brightwaters-1968-austin-healey-sprite/7233551502.html,"$1,500"," (bay shore, NY)",fair,gas,64304,clean,manual,coupe,compact
2003 Chrysler Sebring LXi,Nov 18,https://newyork.craigslist.org/stn/cto/d/staten-island-2003-chrysler-sebring-lxi/7233425381.html,"$1,900", (Great Kills),good,gas,125489,clean,automatic,coupe,
2002 Honda Civic,Nov 18,https://newyork.craigslist.org/brk/cto/d/brooklyn-2002-honda-civic/7233417508.html,"$1,800"," (Brooklyn, NY)",good,gas,138000,clean,automatic,,
2002 MDX,Nov 18,https://newyork.craigslist.org/que/cto/d/bellerose-2002-mdx/7233373007.html,"$2,000", (Bellerose),fair,gas,,clean,automatic,SUV,
Crysler Sebring convertible,Nov 18,https://newyork.craigslist.org/fct/cto/d/norwalk-crysler-sebring-convertible/7233322311.html,"$1,200", (Norwalk),good,gas,164600,clean,automatic,convertible,mid-size
"2008 Aacuuraa Mdxx Garde, Wheels",Nov 18,https://newyork.craigslist.org/mnh/cto/d/bronx-2008-aacuuraa-mdxx-garde-wheels/7233317772.html,"$1,855", (Bronx),excellent,gas,,clean,automatic,SUV,full-size
SELL YOUR CAR/TRUCK/VAN TODAY FOR CASH TOP DOLLAR,Nov 18,https://newyork.craigslist.org/brk/cto/d/brooklyn-sell-your-car-truck-van-today/7233258042.html,"$1,000","
pic
",,gas,,clean,automatic,,
2001 Saab 95  / 3L / 6 Cylinder Turbo,Nov 18,https://newyork.craigslist.org/brk/cto/d/brooklyn-2001-saab-95-3l-cylinder-turbo/7233243202.html,"$1,500","
pic
",,gas,,clean,automatic,,
Sell your car in 1 hour no gimmicks,Nov 18,https://newyork.craigslist.org/que/cto/d/new-york-sell-your-car-in-hour-no/7233242701.html,"$1,500", (Long Island city),new,gas,163,clean,automatic,,
$ I BUY CARS CALL NOW FOR CASH $,Nov 18,https://newyork.craigslist.org/brk/cto/d/brooklyn-buy-cars-call-now-for-cash/7233150734.html,"$2,000", (9176028558),,gas,,clean,automatic,,
SELL YOUR CAR/TRUCK/VAN TODAY FOR CASH TOP DOLLAR,Nov 18,https://newyork.craigslist.org/brk/cto/d/brooklyn-sell-your-car-truck-van-today/7232975106.html,"$1,000","
pic
",,gas,,clean,automatic,,
"Cash for Cars: Want Money Fast? We pay cash for used - $3,000",Nov 18,https://newyork.craigslist.org/que/cto/d/brooklyn-cash-for-cars-want-money-fast/7232899903.html,"$2,000", (All 5 boros li),,gas,,clean,automatic,,
2006 Honda Pilot,Nov 18,https://newyork.craigslist.org/brk/cto/d/brooklyn-2006-honda-pilot/7232893447.html,"$1,600", (Brooklyn),good,gas,172000,clean,automatic,truck,
BUYING CATALYTIC CONVERTERS ‚ÄºÔ∏èGET QUICK CASHüí≤üí≤,Nov 17,https://newyork.craigslist.org/brk/cto/d/brooklyn-buying-catalytic-converters/7232832445.html,"$1,000","
pic
",,gas,95000,clean,automatic,,
2007 CHEVROLET MALIBU LT,Nov 17,https://newyork.craigslist.org/brk/cto/d/brooklyn-2007-chevrolet-malibu-lt/7232727690.html,"$2,000", (Brooklyn),good,gas,137000,clean,automatic,sedan,full-size
2005 dodge grand caravan,Nov 17,https://newyork.craigslist.org/que/cto/d/howard-beach-2005-dodge-grand-caravan/7232584169.html,"$1,200", (South Ozone Park),good,gas,119000,clean,automatic,mini-van,
2008 Ford Explorer (TRADES ONLY),Nov 17,https://newyork.craigslist.org/que/cto/d/woodside-2008-ford-explorer-trades-only/7232567055.html,"$1,234", (Woodside),fair,gas,114,clean,automatic,SUV,mid-size
2013 Ford Fiesta,Nov 17,https://newyork.craigslist.org/wch/cto/d/yonkers-2013-ford-fiesta/7232561363.html,"$1,500", (Yonkers),salvage,gas,50000,salvage,automatic,sedan,compact
2002 Chevy Impala LS  95kmi,Nov 17,https://newyork.craigslist.org/brx/cto/d/bronx-2002-chevy-impala-ls-95kmi/7232549459.html,"$1,350", (Mott Haven),,gas,95000,clean,automatic,,
2004 Jeep Grand Cherokee,Nov 17,https://newyork.craigslist.org/brk/cto/d/brooklyn-2004-jeep-grand-cherokee/7232452060.html,"$2,000", (Brooklyn),good,gas,140000,clean,automatic,SUV,full-size
SELL YOUR CAR TODAY FOR CASH ON THE SPOT,Nov 17,https://newyork.craigslist.org/brk/cto/d/brooklyn-sell-your-car-today-for-cash/7232514942.html,"$1,000", (347 902 4581),,gas,,clean,automatic,,
2007 Jeep Subn,Nov 17,https://newyork.craigslist.org/wch/cto/d/bedford-hills-2007-jeep-subn/7232443113.html,"$1,500", (Westchester County),fair,gas,157000,clean,automatic,SUV,compact
Ford ecoline passenger 2002,Nov 17,https://newyork.craigslist.org/brk/cto/d/brooklyn-ford-ecoline-passenger-2002/7232384465.html,"$1,995", (Brooklyn),fair,gas,15700,clean,automatic,van,full-size
2000 toyota camry,Nov 17,https://newyork.craigslist.org/que/cto/d/richmond-hill-2000-toyota-camry/7232379665.html,"$1,500", (richmond hill),good,gas,147000,salvage,automatic,sedan,full-size
2000 Jeep Cherokee,Nov 17,https://newyork.craigslist.org/brk/cto/d/brooklyn-2000-jeep-cherokee/7232354421.html,"$1,500", (Sunset Park Brooklyn),good,gas,103540,clean,manual,wagon,full-size
2008 Dodge Avenger,Nov 17,https://newyork.craigslist.org/que/cto/d/astoria-2008-dodge-avenger/7232351303.html,"$1,300", (Queens),fair,gas,164000,clean,automatic,sedan,full-size
FOR SALE:  2002 Toyota Camry,Nov 16,https://newyork.craigslist.org/brx/cto/d/bronx-for-sale-2002-toyota-camry/7232193099.html,"$1,200", (EASTCHESTER BRONX),good,gas,219087,clean,automatic,sedan,full-size
2000 Mercedes ML320 AWD 215k miles Runs & Drives,Nov 16,https://newyork.craigslist.org/brk/cto/d/brooklyn-2000-mercedes-ml320-awd-215k/7232118689.html,"$1,600", (Bensonhurst),fair,gas,215403,clean,automatic,SUV,full-size
Priced to Sell!!,Nov 16,https://newyork.craigslist.org/brk/cto/d/brooklyn-priced-to-sell/7232071853.html,"$1,500"," (Brooklyn, N.Y.)",fair,gas,58000,clean,automatic,sedan,full-size
"2014 JEEP COMPASS 72,000 MILES - $10,500 LIEN TRANSFER PLUS CASH",Nov 16,https://newyork.craigslist.org/que/cto/d/kew-gardens-2014-jeep-compass-miles/7232067633.html,"$1,800","
pic
",excellent,gas,72000,lien,automatic,,
2003 chevy trailblazer  LOW MILEAGE,Nov 16,https://newyork.craigslist.org/brk/cto/d/brooklyn-2003-chevy-trailblazer-low/7232062246.html,"$1,750", (NYC),good,gas,90000,clean,automatic,SUV,full-size
2001Toyota Corolla CE,Nov 16,https://newyork.craigslist.org/brk/cto/d/brooklyn-2001toyota-corolla-ce/7232009937.html,"$1,400", (Brooklyn Ny),fair,gas,186000,clean,automatic,,compact
SELL YOUR CAR TODAY FOR CASH ON THE SPOT,Nov 16,https://newyork.craigslist.org/brk/cto/d/brooklyn-sell-your-car-today-for-cash/7231889090.html,"$1,000","
pic
",,gas,,clean,other,,
2000 honda accord  $1700,Nov 16,https://newyork.craigslist.org/brk/cto/d/brooklyn-2000-honda-accord-1700/7231847874.html,"$1,700", (brooklyn),,gas,,clean,automatic,,
1993 Honda Accord,Nov 16,https://newyork.craigslist.org/stn/cto/d/staten-island-1993-honda-accord/7231819116.html,"$2,000", (Staten Island),fair,gas,60000,salvage,automatic,sedan,mid-size
Nissan Quest 2005,Nov 15,https://newyork.craigslist.org/brk/cto/d/brooklyn-nissan-quest-2005/7231690945.html,"$1,600", (All New York),,gas,,clean,other,,
Honda Odyssey 07,Nov 15,https://newyork.craigslist.org/brk/cto/d/brooklyn-honda-odyssey-07/7231585043.html,"$1,000", (Brooklyn),,gas,,clean,automatic,,
"$2000, 93.000 miles. FORD FOCUS",Nov 15,https://newyork.craigslist.org/lgi/cto/d/carle-place-miles-ford-focus/7231510245.html,"$2,000","
pic
",,gas,,clean,automatic,,
2006 Nissan Altima,Nov 15,https://newyork.craigslist.org/brx/cto/d/staten-island-2006-nissan-altima/7231308524.html,"$1,900","
pic
",fair,gas,,clean,automatic,sedan,compact
Car For Sale,Nov 15,https://newyork.craigslist.org/lgi/cto/d/north-babylon-car-for-sale/7231441982.html,"$1,600", (North Babylon),good,gas,120654,clean,manual,sedan,compact
New Beetle,Nov 15,https://newyork.craigslist.org/fct/cto/d/fairfield-new-beetle/7231099486.html,"$2,000", (Fairfield),excellent,gas,200000,clean,manual,other,compact
2001 mercury mountaineer with leather,Nov 15,https://newyork.craigslist.org/lgi/cto/d/elmont-2001-mercury-mountaineer-with/7231427233.html,"$1,500", (Elmont),,gas,,clean,automatic,,
1987 Chevy Nova LOW MILES runs and drives!,Nov 15,https://newyork.craigslist.org/que/cto/d/long-island-city-1987-chevy-nova-low/7231336898.html,"$1,950", (Long Island City),good,gas,90000,clean,automatic,sedan,
Lincoln Town Car,Nov 15,https://newyork.craigslist.org/lgi/cto/d/sea-cliff-lincoln-town-car/7231326572.html,"$2,000", (Glen cove),good,gas,119000,clean,automatic,,
1995 Ford F150 4x4 Regular Cab,Nov 15,https://newyork.craigslist.org/lgi/cto/d/middle-island-1995-ford-f150-4x4/7231296494.html,"$1,150", (Middle Island),fair,gas,136874,clean,automatic,truck,full-size
2006 ford focus,Nov 15,https://newyork.craigslist.org/mnh/cto/d/brooklyn-2006-ford-focus/7231250666.html,"$1,900", (Midtown),new,gas,120,clean,manual,sedan,compact
2002 Subaru WRX Raly Car,Nov 15,https://newyork.craigslist.org/wch/cto/d/long-beach-2002-subaru-wrx-raly-car/7231227277.html,"$1,400","
pic
",,gas,195000,missing,manual,,
2005 Chrysler 300c HeMi 107k miles 1 Owner Clean CarFax,Nov 15,https://newyork.craigslist.org/brk/cto/d/brooklyn-2005-chrysler-300c-hemi-107k/7231226838.html,"$2,000", (Brooklyn),,gas,,clean,automatic,,
2000 dodge caravan,Nov 14,https://newyork.craigslist.org/brk/cto/d/brooklyn-2000-dodge-caravan/7231172703.html,"$1,000", (Dyker heights),excellent,gas,61000,clean,automatic,mini-van,full-size
2002 ACURA MDX Red 185K Miles AS IS - Running -  Need Work,Nov 14,https://newyork.craigslist.org/que/cto/d/fresh-meadows-2002-acura-mdx-red-185k/7231141222.html,"$1,200", (fresh meadows),fair,gas,185000,clean,automatic,SUV,mid-size
2000 Honda Accord  Price firm,Nov 14,https://newyork.craigslist.org/que/cto/d/brooklyn-2000-honda-accord-price-firm/7231139463.html,"$1,790", (Brooklyn),fair,gas,,clean,automatic,,
2002 Chevy Trailblazer,Nov 14,https://newyork.craigslist.org/lgi/cto/d/north-babylon-2002-chevy-trailblazer/7231069929.html,"$1,100", (North Babylon),good,gas,,clean,automatic,,
I BUY CARS CASH PAID ON SPOT,Nov 14,https://newyork.craigslist.org/brk/cto/d/brooklyn-buy-cars-cash-paid-on-spot/7230954041.html,"$2,000", (9176028558),,gas,,clean,automatic,,
SELL YOUR CAR TODAY FOR CASH ON THE SPOT,Nov 14,https://newyork.craigslist.org/brk/cto/d/brooklyn-sell-your-car-today-for-cash/7230943353.html,"$1,000","
pic
",,gas,,clean,other,,
Honda civic,Nov 13,https://newyork.craigslist.org/brx/cto/d/bronx-honda-civic/7230604853.html,"$1,850", (Bronx),good,gas,146000,clean,other,sedan,
Buying all junk cars top price paid guaranteed,Nov 13,https://newyork.craigslist.org/brk/cto/d/brooklyn-buying-all-junk-cars-top-price/7230555549.html,"$1,000", (Long Island city),excellent,gas,85000,clean,automatic,coupe,mid-size
üöóüõ†Ô∏èAudi A4 Quattro 2006 2.0 Turbo Needs Work,Nov 13,https://newyork.craigslist.org/stn/cto/d/staten-island-audi-a4-quattro-turbo/7230540249.html,"$1,200", (Rosebank),fair,gas,138000,clean,automatic,sedan,mid-size
2000 JEEP CHEROKEE CLASSIC,Nov 13,https://newyork.craigslist.org/brk/cto/d/brooklyn-2000-jeep-cherokee-classic/7230494350.html,"$1,050", (Greenpoint / Brooklyn),,gas,168157,clean,automatic,SUV,compact
2007 dodge caravans special edition fully loaden,Nov 13,https://newyork.craigslist.org/stn/cto/d/staten-island-2007-dodge-caravans/7230485272.html,"$1,999","
pic
",,gas,,clean,automatic,,
I BUY CARS/TRUCKS/VANS,Nov 13,https://newyork.craigslist.org/brk/cto/d/flushing-buy-cars-trucks-vans/7230478685.html,"$1,000","
pic
",,other,,clean,other,,
I BUY CARS/TRUCKS/VANS,Nov 13,https://newyork.craigslist.org/que/cto/d/flushing-buy-cars-trucks-vans/7230466059.html,"$1,000","
pic
",,gas,,clean,other,,
"Mitsubishi, Eclipse GT 2.4L",Nov 13,https://newyork.craigslist.org/que/cto/d/astoria-mitsubishi-eclipse-gt-24l/7230422587.html,"$1,200"," (Queens, NY)",fair,gas,193000,clean,automatic,coupe,
Bmw 535 2010 xdrive selling as is,Nov 13,https://newyork.craigslist.org/brk/cto/d/brooklyn-bmw-xdrive-selling-as-is/7230369507.html,"$1,800", (Newyork city),good,gas,150000,clean,automatic,,
"Mazda protege 2002 , 5 speed manual",Nov 13,https://newyork.craigslist.org/que/cto/d/flushing-mazda-protege-speed-manual/7230274667.html,"$1,200", (Forest hills),good,gas,165000,clean,manual,sedan,compact
SELL YOUR CAR TODAY FOR CASH ON THE SPOT,Nov 13,https://newyork.craigslist.org/brk/cto/d/brooklyn-sell-your-car-today-for-cash/7230223481.html,"$1,000","
pic
",,gas,,clean,automatic,,
1999 Suburban 4WD 6.5 turbo diesel,Nov 13,https://newyork.craigslist.org/wch/cto/d/katonah-1999-suburban-4wd-65-turbo/7230119806.html,"$2,000", (Katonah),fair,diesel,,clean,automatic,SUV,full-size
99 Chevy Venture,Nov 12,https://newyork.craigslist.org/lgi/cto/d/holtsville-99-chevy-venture/7230094446.html,"$1,200", (FARMINGVILLE),good,gas,,clean,automatic,SUV,full-size
2012 Chysler 200 2.5,Nov 12,https://newyork.craigslist.org/brx/cto/d/bronx-2012-chysler/7230044276.html,"$1,995", (Bronx),excellent,gas,201452,clean,automatic,sedan,mid-size
SELL YOUR CAR TODAY FOR CASH ON THE SPOT,Nov 12,https://newyork.craigslist.org/brk/cto/d/brooklyn-sell-your-car-today-for-cash/7230013625.html,"$1,000","
pic
",,gas,,clean,automatic,,
Sell Your car truck van in any condition,Nov 12,https://newyork.craigslist.org/brk/cto/d/brooklyn-sell-your-car-truck-van-in-any/7229854589.html,"$1,000", (All $200 too $10000 Cash),,gas,,clean,automatic,,
2014 Toyota Camry Hybrid,Nov 12,https://newyork.craigslist.org/que/cto/d/long-island-city-2014-toyota-camry/7229837021.html,"$1,950", (Long Island City),,hybrid,,clean,automatic,,
"Honda Pilot 2005, by owner 125k miles cosmetic damage, beater but Reliable",Nov 12,https://newyork.craigslist.org/brk/cto/d/brooklyn-honda-pilot-2005-by-owner-125k/7229785327.html,"$1,700"," (Bushwick, Brooklyn)",fair,gas,125000,clean,automatic,SUV,mid-size
"2007 NISSAN Quest,  7passengers!",Nov 12,https://newyork.craigslist.org/brx/cto/d/2007-nissan-quest-7passengers/7229752788.html,"$1,800", (Bronx.),excellent,gas,140,clean,automatic,,
I Buy Cars And Trucks,Nov 12,https://newyork.craigslist.org/brk/cto/d/brooklyn-buy-cars-and-trucks/7229718334.html,"$2,000", (Brooklyn),,gas,,clean,automatic,,
2005 Nissan Quest,Nov 11,https://newyork.craigslist.org/brk/cto/d/brooklyn-2005-nissan-quest/7229520240.html,"$1,800","
pic
",,gas,,clean,other,,
VW BUG  Roller,Nov 11,https://newyork.craigslist.org/que/cto/d/elmhurst-vw-bug-roller/7229283856.html,"$2,000", (Elmhurst),fair,gas,,missing,manual,sedan,compact
2002 Honda Civic LX 122K/miles,Nov 11,https://newyork.craigslist.org/lgi/cto/d/west-hempstead-2002-honda-civic-lx-122k/7229209948.html,"$1,950"," (Queens, Long Island)",,gas,,clean,automatic,,
Cash For Unwanted Cars,Nov 11,https://newyork.craigslist.org/brk/cto/d/brooklyn-cash-for-unwanted-cars/7229085261.html,"$1,000","
pic
",,gas,,clean,automatic,,
1999 Dodge1500 Van,Nov 11,https://newyork.craigslist.org/que/cto/d/arverne-1999-dodge1500-van/7229059509.html,"$1,500","
pic
",good,gas,95000,clean,automatic,van,full-size
We BUY YOUR CAR CALL 917-690-3730,Nov 11,https://newyork.craigslist.org/brk/cto/d/brooklyn-we-buy-your-car-call/7228979667.html,"$1,000", (Brooklyn),new,gas,100000,clean,automatic,,full-size
We BUY YOUR CAR CALL 917-690-3730,Nov 11,https://newyork.craigslist.org/brk/cto/d/brooklyn-we-buy-your-car-call/7228979545.html,"$1,000", (Brooklyn),new,gas,100000,clean,automatic,,full-size
We BUY YOUR CAR CALL 917-690-3730,Nov 11,https://newyork.craigslist.org/brk/cto/d/brooklyn-we-buy-your-car-call/7228978856.html,"$1,000", (Brooklyn),new,gas,100000,clean,automatic,,full-size
1999 Subaru Forester S,Nov 11,https://newyork.craigslist.org/lgi/cto/d/staten-island-1999-subaru-forester/7228960008.html,"$2,000", (BEST OFFER TAKES IT. (347)372-4289),good,gas,150,clean,automatic,wagon,full-size
"2007 NISSAN ALTIMA, EXCELLENT!",Nov 10,https://newyork.craigslist.org/brx/cto/d/bronx-2007-nissan-altima-excellent/7228929160.html,"$1,795", (Bronx),excellent,gas,,clean,automatic,,
1958 Mercedes Benz 219 Pontoon sedan,Nov 10,https://newyork.craigslist.org/fct/cto/d/new-milford-1958-mercedes-benz-219/7228925376.html,"$1,200", (New Milford ct),fair,gas,,clean,manual,,
Beautiful car in EXCELLENT condition. Lexus 2010 RX 350,Nov 10,https://newyork.craigslist.org/fct/cto/d/stamford-beautiful-car-in-excellent/7228925166.html,"$1,550", (Stamford),excellent,gas,,clean,automatic,SUV,
AUDI A4  Turbo PROJECT CAR!,Nov 10,https://newyork.craigslist.org/brk/cto/d/brooklyn-audi-a4-turbo-project-car/7228891879.html,"$1,200","
pic
",fair,gas,,clean,automatic,sedan,
2004 NISSAN SENTRA 1.8S SOLD,Nov 10,https://newyork.craigslist.org/stn/cto/d/staten-island-2004-nissan-sentra-18s/7228716777.html,"$1,000", (staten island),good,gas,109868,clean,automatic,sedan,mid-size
1997 Honda Civic Lx,Nov 10,https://newyork.craigslist.org/wch/cto/d/white-plains-1997-honda-civic-lx/7228684602.html,"$2,000", (White Plains),good,gas,148000,clean,automatic,sedan,compact
4x4 Ranger Super Cab * Auto transmission. Excellent condition,Nov 10,https://newyork.craigslist.org/mnh/cto/d/edison-4x4-ranger-super-cab-auto/7228636238.html,"$1,600","
pic
",,gas,,clean,automatic,,
Definitely van,Nov 10,https://newyork.craigslist.org/brx/cto/d/franklinville-definitely-van/7228551136.html,"$1,290","
pic
",,gas,,clean,automatic,,
1997 Lexus ES 300,Nov 10,https://newyork.craigslist.org/que/cto/d/jamaica-1997-lexus-es-300/7228550868.html,"$1,200","
pic
",good,gas,194651,clean,automatic,sedan,
1999 Cadillac Seville,Nov 10,https://newyork.craigslist.org/que/cto/d/astoria-1999-cadillac-seville/7228495345.html,"$2,000", (Astoria),good,gas,89000,clean,automatic,sedan,
vw bug beetle bus karman ghia kit car chassis,Nov 10,https://newyork.craigslist.org/lgi/cto/d/westbury-vw-bug-beetle-bus-karman-ghia/7228443813.html,"$1,000", (Westbury),,gas,,clean,manual,,
2000  Honda Civic,Nov 10,https://newyork.craigslist.org/wch/cto/d/white-plains-2000-honda-civic/7228442884.html,"$1,500","
pic
",good,gas,117589,clean,automatic,sedan,
2007 Chevy impala 145k miles,Nov 10,https://newyork.craigslist.org/que/cto/d/hollis-2007-chevy-impala-145k-miles/7228439685.html,"$1,000", (HOLLIS),,gas,145000,clean,automatic,,
"1991 Nissan Sentra SE-R, 33k miles!",Nov  9,https://newyork.craigslist.org/brk/cto/d/aurora-1991-nissan-sentra-se-33k-miles/7228353897.html,"$2,000", (Denver),new,gas,33000,clean,manual,coupe,compact
2004 Blue Ford Explorer,Nov  9,https://newyork.craigslist.org/que/cto/d/saint-albans-2004-blue-ford-explorer/7228306941.html,"$1,000", (Saint Albans),fair,gas,198000,clean,automatic,SUV,mid-size
2005 Audi A4 - Mechanic Special,Nov  9,https://newyork.craigslist.org/fct/cto/d/bridgeport-2005-audi-a4-mechanic-special/7228292662.html,"$1,500"," (Bridgeport, CT)",fair,gas,177587,clean,automatic,sedan,mid-size
2001 Toyota Camry,Nov  9,https://newyork.craigslist.org/que/cto/d/woodside-2001-toyota-camry/7228269855.html,"$1,500", (Queens),good,gas,,clean,automatic,,
2003 Saturn Wagon,Nov  9,https://newyork.craigslist.org/fct/cto/d/norwalk-2003-saturn-wagon/7228231291.html,"$1,600", (South Norwalk),good,gas,105564,clean,automatic,wagon,
2000 BMW 3 series,Nov  9,https://newyork.craigslist.org/lgi/cto/d/inwood-2000-bmw-series/7228213406.html,"$2,000", (Inwood),excellent,gas,180000,clean,automatic,truck,full-size
2001 honda cr-v ex,Nov  9,https://newyork.craigslist.org/que/cto/d/jamaica-2001-honda-cr-ex/7227905805.html,"$1,900", (Queens),good,gas,150500,clean,automatic,SUV,compact
2001 F150 XL,Nov  8,https://newyork.craigslist.org/wch/cto/d/yonkers-2001-f150-xl/7227659143.html,"$1,000", (Yonkers),good,gas,127000,clean,manual,pickup,
2000 Cadillac deville,Nov  8,https://newyork.craigslist.org/lgi/cto/d/elmont-2000-cadillac-deville/7227646894.html,"$1,500", (Elmont),,gas,,clean,automatic,,
1998 honda civic,Nov  8,https://newyork.craigslist.org/lgi/cto/d/elmont-1998-honda-civic/7227644476.html,"$1,200", (Elmont),,gas,,clean,automatic,,
2004 Acura MDX,Nov  8,https://newyork.craigslist.org/brk/cto/d/brooklyn-2004-acura-mdx/7227585973.html,"$1,800", (Brooklyn),good,gas,151000,clean,automatic,SUV,full-size
2004 Cadillac CTS 3.6L,Nov  8,https://newyork.craigslist.org/fct/cto/d/danbury-2004-cadillac-cts-36l/7227510098.html,"$1,700", (Danbury),,gas,,clean,automatic,,
2002 Ford windstar LX 115k miles,Nov  8,https://newyork.craigslist.org/que/cto/d/flushing-2002-ford-windstar-lx-115k/7227497655.html,"$1,700","
pic
",,gas,,clean,automatic,,
2005 jeep Grand Cherokee   129 k miles   ***need New engine *** $1990,Nov  8,https://newyork.craigslist.org/que/cto/d/maspeth-2005-jeep-grand-cherokee-129/7227464326.html,"$1,990", (Maspeth queens Ny),good,gas,129000,clean,automatic,,
1995 Chrysler Concorde low mileage car,Nov  8,https://newyork.craigslist.org/brk/cto/d/brooklyn-1995-chrysler-concorde-low/7227459627.html,"$1,700", (Brooklyn),excellent,gas,83000,clean,automatic,sedan,full-size
I buy cars vans SUVs cash on the spot,Nov  8,https://newyork.craigslist.org/brk/cto/d/brooklyn-buy-cars-vans-suvs-cash-on-the/7227451040.html,"$1,000","
",,gas,,clean,automatic,,
"Cash for Cars: Want Money Fast? We pay cash for used - $3,000",Nov  8,https://newyork.craigslist.org/que/cto/d/brooklyn-cash-for-cars-want-money-fast/7227437113.html,"$2,000", (All 5 boros li),,gas,,clean,automatic,,
1975 pontiac firebird,Nov  8,https://newyork.craigslist.org/que/cto/d/brooklyn-1975-pontiac-firebird/7227380081.html,"$2,000", (Brooklyn),fair,gas,,clean,automatic,coupe,mid-size
Classic Mercedes-Benz,Nov  8,https://newyork.craigslist.org/jsy/cto/d/spring-valley-classic-mercedes-benz/7227341985.html,"$1,600", (Spring valley),good,gas,136675,clean,automatic,sedan,mid-size
1990 Nissan Stanza GXE,Nov  7,https://newyork.craigslist.org/que/cto/d/fresh-meadows-1990-nissan-stanza-gxe/7227311390.html,"$1,000"," (Fresh Meadows/Flushing, Queens)",fair,gas,186000,clean,automatic,sedan,mid-size
Nissan Quest 2005,Nov  7,https://newyork.craigslist.org/brk/cto/d/brooklyn-nissan-quest-2005/7227199620.html,"$1,800","
pic
",,gas,,clean,other,,
2005 Acura TL,Nov  7,https://newyork.craigslist.org/que/cto/d/saint-albans-2005-acura-tl/7227157583.html,"$1,100","
pic
",,gas,202000,clean,automatic,,
2004 Honda Accord DX,Nov  7,https://newyork.craigslist.org/wch/cto/d/mahopac-2004-honda-accord-dx/7227059780.html,"$1,400", (Mahopac),fair,gas,310000,clean,manual,sedan,mid-size
I BUY CARS/TRUCKS/VANS,Nov  7,https://newyork.craigslist.org/que/cto/d/flushing-buy-cars-trucks-vans/7227042598.html,"$1,000","
pic
",,other,,clean,other,,
2008 Ford Fusion SE V6,Nov  7,https://newyork.craigslist.org/fct/cto/d/greenwich-2008-ford-fusion-se-v6/7226881769.html,"$1,900", (Greenwich/Port Chester Line),,gas,212000,clean,automatic,sedan,
2000 BMW 3 series,Nov  6,https://newyork.craigslist.org/lgi/cto/d/inwood-2000-bmw-series/7226770324.html,"$2,000", (Inwood),excellent,gas,180000,clean,automatic,sedan,full-size
2002 Ford windstar LX 115k miles,Nov  6,https://newyork.craigslist.org/que/cto/d/flushing-2002-ford-windstar-lx-115k/7226693486.html,"$1,700","
pic
",,gas,,clean,automatic,,
2004 Dodge stratus,Nov  6,https://newyork.craigslist.org/que/cto/d/corona-2004-dodge-stratus/7226661220.html,"$1,200", (corona),,gas,,clean,automatic,,
2002 honda civic,Nov  6,https://newyork.craigslist.org/wch/cto/d/bronx-2002-honda-civic/7226646755.html,"$1,500", (Bronx),excellent,gas,212000,clean,automatic,,
2002 Cadillac Deville,Nov  6,https://newyork.craigslist.org/wch/cto/d/yonkers-2002-cadillac-deville/7226632243.html,"$2,000", (Yonkers),good,gas,63000,clean,automatic,sedan,full-size
DODGE RAM VAN FOR SALE,Nov  6,https://newyork.craigslist.org/mnh/cto/d/new-york-dodge-ram-van-for-sale/7226604423.html,"$1,800", (Midtown),fair,gas,116000,clean,other,,
2004 Honda Civic EX,Nov  6,https://newyork.craigslist.org/que/cto/d/jamaica-2004-honda-civic-ex/7226581135.html,"$2,000", (Jamaica),fair,gas,,clean,automatic,,
1994 Honda Accord drives great!,Nov  6,https://newyork.craigslist.org/stn/cto/d/staten-island-1994-honda-accord-drives/7226560185.html,"$1,400","
pic
",good,gas,,clean,automatic,,
2006  Ford bus,Nov  6,https://newyork.craigslist.org/brk/cto/d/brooklyn-2006-ford-bus/7226542526.html,"$1,450", (Brooklyn),,diesel,,clean,automatic,,
2001 Nissan Pathfinder for sale,Nov  6,https://newyork.craigslist.org/brx/cto/d/bronx-2001-nissan-pathfinder-for-sale/7226432976.html,"$1,500", (Bronx ny),fair,gas,150000,clean,automatic,,
2000 Toyota Camry CE,Nov  6,https://newyork.craigslist.org/brk/cto/d/brooklyn-2000-toyota-camry-ce/7226422645.html,"$1,800", (Brooklyn),excellent,gas,203500,clean,manual,sedan,full-size
Vintage Mercury Tracer,Nov  6,https://newyork.craigslist.org/mnh/cto/d/new-york-vintage-mercury-tracer/7226382329.html,"$1,200", (Midtown East),good,gas,108000,clean,manual,hatchback,compact
2005 convertible Chrysler PT cruiser,Nov  6,https://newyork.craigslist.org/brk/cto/d/brooklyn-2005-convertible-chrysler-pt/7226335667.html,"$1,800", (Brooklyn),good,gas,126805,clean,automatic,convertible,full-size
2005 Ford F-150 KeylessEntry V8,Nov  5,https://newyork.craigslist.org/brk/cto/d/brooklyn-2005-ford-150-keylessentry-v8/7226178198.html,"$1,600","
pic
",,gas,,clean,automatic,,
1999 Subaru Forester S,Nov  5,https://newyork.craigslist.org/stn/cto/d/staten-island-1999-subaru-forester/7226177327.html,"$2,000", (BEST OFFER TAKES IT. (347)372-4289),good,gas,150999,clean,automatic,hatchback,full-size
Chrysler Town & Country Limited,Nov  5,https://newyork.craigslist.org/brx/cto/d/bronx-chrysler-town-country-limited/7226102828.html,"$2,000", (Bronx),good,gas,150220,clean,automatic,mini-van,full-size
I BUY CARS/TRUCKS/VANS,Nov  5,https://newyork.craigslist.org/que/cto/d/flushing-buy-cars-trucks-vans/7226038941.html,"$1,000", (Flushing),,gas,,clean,automatic,,
Jaguar s type 3.0,Nov  5,https://newyork.craigslist.org/que/cto/d/jamaica-jaguar-type-30/7226001720.html,"$1,800", (Queens),good,gas,178000,clean,automatic,sedan,mid-size
BEAUTIFUL BEETLE FOR SALE!!!,Nov  5,https://newyork.craigslist.org/lgi/cto/d/cedarhurst-beautiful-beetle-for-sale/7225981208.html,"$2,000", (Cedarhurst),good,gas,135000,clean,automatic,,
2003 Ford Explorer XLT,Nov  5,https://newyork.craigslist.org/que/cto/d/flushing-2003-ford-explorer-xlt/7225970803.html,"$2,000"," (Queens, NY)",fair,gas,140000,clean,automatic,SUV,
KIA OPTIMA,Nov  5,https://newyork.craigslist.org/wch/cto/d/tallman-kia-optima/7225938106.html,"$1,999", (Suffern),good,gas,190120,clean,manual,sedan,full-size
2003 Passat Turbo Sedan,Nov  5,https://newyork.craigslist.org/wch/cto/d/crompond-2003-passat-turbo-sedan/7225760826.html,"$1,975", (Westchester),,gas,,clean,automatic,,
2007 SATURN ION A GOOD CHEEP CAR,Nov  5,https://newyork.craigslist.org/lgi/cto/d/ronkonkoma-2007-saturn-ion-good-cheep/7225754164.html,"$1,599", (RONKONKOMA),good,gas,,clean,automatic,,
Florida Dealer Tags,Nov  4,https://newyork.craigslist.org/que/cto/d/florida-dealer-tags/7225591669.html,"$1,800","
",,gas,,clean,automatic,,
NISSAN XTERRA 5 sp,Nov  4,https://newyork.craigslist.org/que/cto/d/jamaica-nissan-xterra-sp/7225567091.html,"$1,500", (Jamica),good,gas,243000,clean,manual,SUV,full-size
2007 Kia Spectra EX $1050,Nov  4,https://newyork.craigslist.org/que/cto/d/whitestone-2007-kia-spectra-ex-1050/7225566060.html,"$1,050", (Whitestone),fair,gas,102000,clean,automatic,,
2003 Honda EX v6 Coupe,Nov  4,https://newyork.craigslist.org/brx/cto/d/bronx-2003-honda-ex-v6-coupe/7225512480.html,"$1,900", (Country club),good,gas,,clean,automatic,coupe,mid-size
Honda civic,Nov  4,https://newyork.craigslist.org/mnh/cto/d/new-york-honda-civic/7225495310.html,"$1,659", (Greenwich Village),,gas,,clean,manual,,
Honda Odyssey 2002,Nov  4,https://newyork.craigslist.org/que/cto/d/flushing-honda-odyssey-2002/7225479966.html,"$1,500", (Flushing),excellent,gas,215000,clean,automatic,mini-van,
2008 Ford Fusion SE V6,Nov  4,https://newyork.craigslist.org/fct/cto/d/greenwich-2008-ford-fusion-se-v6/7225450660.html,"$1,900", (Greenwich/Port Chester Line),,gas,212000,clean,automatic,sedan,
Toyota Camry,Nov  4,https://newyork.craigslist.org/brk/cto/d/brooklyn-toyota-camry/7225441280.html,"$2,000", (Kensington),good,gas,177000,clean,automatic,,
2001 Infiniti i30 FOR SALE,Nov  4,https://newyork.craigslist.org/wch/cto/d/yorktown-heights-2001-infiniti-i30-for/7225288653.html,"$1,500", (Yorktown Heights),fair,gas,216000,clean,automatic,sedan,mid-size
2005 Subaru Impreza 2.5rs wagon,Nov  4,https://newyork.craigslist.org/stn/cto/d/staten-island-2005-subaru-impreza-25rs/7225242072.html,"$1,200", (Staten island),,gas,167000,clean,manual,,
2008 Buick  All the options. Well maintained and clean. Good tires,Nov  3,https://newyork.craigslist.org/mnh/cto/d/new-york-2008-buick-all-the-options/7225138296.html,"$1,000","
pic
",excellent,gas,,clean,automatic,SUV,full-size
I BUY CARS/TRUCKS/VANS,Nov  3,https://newyork.craigslist.org/brk/cto/d/flushing-buy-cars-trucks-vans/7225121296.html,"$1,000","
pic
",,other,,clean,other,,
Subaru Outback 2005,Nov  3,https://newyork.craigslist.org/wch/cto/d/new-rochelle-subaru-outback-2005/7225112821.html,"$1,200", (New Rochelle),fair,gas,180000,clean,automatic,hatchback,mid-size
1996 honda civic lx 90k,Nov  3,https://newyork.craigslist.org/brk/cto/d/brooklyn-1996-honda-civic-lx-90k/7224961596.html,"$1,700", (Brooklyn),,gas,90000,clean,automatic,,
"2009 Nissan Sentra 116289 Miles, TO FIX IT",Nov  3,https://newyork.craigslist.org/que/cto/d/jamaica-2009-nissan-sentra-miles-to-fix/7224983713.html,"$1,200", (Jamaica NY),fair,gas,67890,clean,automatic,sedan,sub-compact
2007 Nissan Versa,Nov  3,https://newyork.craigslist.org/que/cto/d/queens-village-2007-nissan-versa/7224783758.html,"$1,700", (Queens village),excellent,gas,,clean,automatic,,compact
We Pay Top Dollar For Minivans,Nov  3,https://newyork.craigslist.org/brk/cto/d/brooklyn-we-pay-top-dollar-for-minivans/7224778801.html,"$2,000", (Sheepshead Bay Brooklyn),,gas,135000,clean,automatic,mini-van,
2004 Acura RL .. 3.5L .. 125k miles,Nov  3,https://newyork.craigslist.org/brk/cto/d/brooklyn-2004-acura-rl-35l-125k-miles/7224731280.html,"$1,950", (Brooklyn),,gas,,clean,automatic,,
2000 BMW 3 series,Nov  3,https://newyork.craigslist.org/lgi/cto/d/inwood-2000-bmw-series/7224717025.html,"$2,000", (Inwood),excellent,gas,180000,clean,automatic,sedan,full-size
"1998 Toyota Corolla Ce, 4 cylinder gas saver.",Nov  3,https://newyork.craigslist.org/wch/cto/d/bronx-1998-toyota-corolla-ce-cylinder/7224716860.html,"$1,695","
pic
",,gas,,clean,automatic,sedan,
Dodge avenger,Nov  3,https://newyork.craigslist.org/lgi/cto/d/greenwich-dodge-avenger/7224705727.html,"$1,900", (Amityville),good,gas,220000,clean,automatic,sedan,mid-size
$1299 OBO 07 Dodge Grand Caravan SE,Nov  3,https://newyork.craigslist.org/brk/cto/d/brooklyn-1299-obo-07-dodge-grand/7224658802.html,"$1,299","
pic
",,gas,,clean,automatic,van,
2000 Honda accord,Nov  2,https://newyork.craigslist.org/brk/cto/d/brooklyn-2000-honda-accord/7224531694.html,"$1,500","
pic
",,gas,,clean,automatic,,
1998 jeep grand Cherokee,Nov  2,https://newyork.craigslist.org/que/cto/d/jamaica-1998-jeep-grand-cherokee/7224512724.html,"$1,300", (Jamaica),,gas,,clean,automatic,SUV,
2000 JEEP CHEROKEE CLASSIC,Nov  2,https://newyork.craigslist.org/brk/cto/d/brooklyn-2000-jeep-cherokee-classic/7224347173.html,"$1,050", (Greenpoint / Brooklyn),,gas,168157,clean,automatic,SUV,compact
2000 gmc van,Nov  2,https://newyork.craigslist.org/brk/cto/d/brooklyn-2000-gmc-van/7224341397.html,"$1,300", (Brooklyn),good,gas,,clean,automatic,van,
Nissan X-Terra -917-858-6258,Nov  2,https://newyork.craigslist.org/lgi/cto/d/west-hempstead-nissan-terra/7224277737.html,"$1,500", (West Hempstead),fair,gas,148000,clean,other,SUV,full-size
Nice 2006 pt cruiser,Nov  2,https://newyork.craigslist.org/fct/cto/d/new-fairfield-nice-2006-pt-cruiser/7224187720.html,"$1,300", (New Fairfield),good,gas,,clean,automatic,convertible,mid-size
Mercedes E320 2002 for sale,Nov  2,https://newyork.craigslist.org/brx/cto/d/bronx-mercedes-for-sale/7224113714.html,"$1,500", (Bronx),,gas,190944,missing,automatic,sedan,
2010 BUICK LACROSSE,Nov  1,https://newyork.craigslist.org/brk/cto/d/brooklyn-2010-buick-lacrosse/7224067363.html,"$1,650", (Brooklyn),good,gas,,clean,automatic,sedan,full-size
1995 chevy G20,Nov  1,https://newyork.craigslist.org/wch/cto/d/yonkers-1995-chevy-g20/7223970729.html,"$1,500", (westchester),,gas,75000,clean,automatic,,
Chevy Silverado 2500hd,Nov  1,https://newyork.craigslist.org/fct/cto/d/fairfield-chevy-silverado-2500hd/7223959662.html,"$1,234", (Fairfield),,gas,,clean,automatic,,
2004 Cadillac CTS,Nov  1,https://newyork.craigslist.org/stn/cto/d/staten-island-2004-cadillac-cts/7223948148.html,"$1,999", (Rossville),fair,gas,,clean,automatic,sedan,
05 Jeep Grand Cherokee,Nov  1,https://newyork.craigslist.org/que/cto/d/floral-park-05-jeep-grand-cherokee/7223810914.html,"$2,000","
pic
",good,gas,,clean,automatic,SUV,full-size
1998 Mercedes,Nov  1,https://newyork.craigslist.org/lgi/cto/d/miller-place-1998-mercedes/7223687275.html,"$1,050", (Mt Sinai),,gas,180000,clean,automatic,,
2002 Honda Accord,Nov  1,https://newyork.craigslist.org/wch/cto/d/yonkers-2002-honda-accord/7223614267.html,"$1,750","
pic
",,gas,,clean,automatic,,
2003 toyota Avalon XLE,Oct 31,https://newyork.craigslist.org/que/cto/d/flushing-2003-toyota-avalon-xle/7223595301.html,"$1,800","
pic
",new,gas,,clean,automatic,,
2001 Toyota Camry 6 cylinder,Oct 31,https://newyork.craigslist.org/fct/cto/d/southport-2001-toyota-camry-cylinder/7223544372.html,"$1,000","
pic
",fair,gas,180000,clean,automatic,,
'01 Jaguar XKR,Oct 31,https://newyork.craigslist.org/mnh/cto/d/staten-island-01-jaguar-xkr/7223514040.html,"$1,950", (Staten Island),good,gas,,salvage,automatic,,
2009 FORD ECONOLINE,Oct 31,https://newyork.craigslist.org/wch/cto/d/scarsdale-2009-ford-econoline/7223466353.html,"$1,900"," (scarsdale, ny)",fair,gas,,clean,automatic,van,full-size
Cash For Unwanted Cars,Oct 31,https://newyork.craigslist.org/brk/cto/d/brooklyn-cash-for-unwanted-cars/7223441473.html,"$2,000", (Sheepshead Bay Brooklyn),,gas,116,clean,automatic,SUV,
2007 BMW 328,Oct 31,https://newyork.craigslist.org/que/cto/d/fresh-meadows-2007-bmw-328/7223433825.html,"$1,200", (Fresh Meadows),salvage,gas,,salvage,automatic,,mid-size
2003 Nissan Sentra,Oct 31,https://newyork.craigslist.org/lgi/cto/d/freeport-2003-nissan-sentra/7223388945.html,"$1,500", (Freeport),,gas,,clean,automatic,,
Cadillac deville 2005,Oct 31,https://newyork.craigslist.org/lgi/cto/d/hempstead-cadillac-deville-2005/7223363305.html,"$1,500", (Hempstead),,gas,,clean,automatic,sedan,full-size
2000 Gold Champagne Honda Accord,Oct 31,https://newyork.craigslist.org/brx/cto/d/bronx-2000-gold-champagne-honda-accord/7223334898.html,"$1,700", (Bronx),good,gas,135000,clean,automatic,sedan,compact
2003 Gold Nissan Maxima,Oct 31,https://newyork.craigslist.org/brx/cto/d/whitestone-2003-gold-nissan-maxima/7223332447.html,"$1,700", (Bronx),,,,,,,
WE BUY CARS CASH ON THE SPOT,Oct 31,https://newyork.craigslist.org/brk/cto/d/brooklyn-we-buy-cars-cash-on-the-spot/7223318983.html,"$1,000", (Brooklyn),excellent,gas,,clean,automatic,,
Driving Vehicle $1000 Neg,Oct 31,https://newyork.craigslist.org/que/cto/d/east-elmhurst-driving-vehicle-1000-neg/7223294880.html,"$1,000", (East Elmhurst),fair,gas,189548,clean,automatic,,
2011 Chevy Impala,Oct 31,https://newyork.craigslist.org/lgi/cto/d/glen-cove-2011-chevy-impala/7223120010.html,"$1,500", (Glen Cove),fair,gas,,clean,manual,sedan,full-size
1998 Jeep Grand Cherokee,Oct 30,https://newyork.craigslist.org/brk/cto/d/brooklyn-1998-jeep-grand-cherokee/7222899771.html,"$1,200", (Brooklyn),fair,gas,,clean,automatic,,
gmc savana,Oct 30,https://newyork.craigslist.org/mnh/cto/d/new-york-gmc-savana/7222746909.html,"$2,000","
pic
",,gas,,clean,automatic,,full-size
2003 Dodge Ram Pickup,Oct 30,https://newyork.craigslist.org/wch/cto/d/armonk-2003-dodge-ram-pickup/7222896162.html,"$2,000", (Armonk),fair,gas,112801,clean,automatic,,
2006 Subaru Outback Wagon (Plates and Registration Same day),Oct 30,https://newyork.craigslist.org/brk/cto/d/brooklyn-2006-subaru-outback-wagon/7222729809.html,"$1,995", (williamsburg brooklyn),excellent,gas,180000,clean,automatic,wagon,mid-size
Acura CL 2001,Oct 30,https://newyork.craigslist.org/que/cto/d/jamaica-acura-cl-2001/7222649858.html,"$2,000","
pic
",good,gas,,clean,automatic,,
2005 Jaguar 4.2 ( price deeply discounted),Oct 29,https://newyork.craigslist.org/que/cto/d/jamaica-2005-jaguar-42-price-deeply/7222527254.html,"$1,700", (Jamaica),good,gas,118000,clean,automatic,sedan,full-size
Paying $2000 for any car cash today,Oct 29,https://newyork.craigslist.org/que/cto/d/new-york-paying-2000-for-any-car-cash/7222466038.html,"$2,000", (Long Island city),good,gas,150,clean,automatic,mini-van,mid-size
1988 Plymouth Horizon,Oct 29,https://newyork.craigslist.org/lgi/cto/d/elmont-1988-plymouth-horizon/7222359856.html,"$1,500", (Elmont),fair,gas,116500,clean,automatic,hatchback,compact
Mazda 3 2005 - MANUAL,Oct 29,https://newyork.craigslist.org/fct/cto/d/norwalk-mazda-manual/7222211628.html,"$1,850", (Norwalk),,gas,165000,clean,manual,,
2003 Honda Odyssey EXL,Oct 29,https://newyork.craigslist.org/brk/cto/d/brooklyn-2003-honda-odyssey-exl/7222173798.html,"$2,000", (Brooklyn NY),,gas,,clean,automatic,,
2002 Nissan Sentra GXE,Oct 29,https://newyork.craigslist.org/jsy/cto/d/newark-2002-nissan-sentra-gxe/7222058616.html,"$1,600", (Newark),new,gas,96000,clean,automatic,sedan,full-size
2003 toyota 4 runner,Oct 28,https://newyork.craigslist.org/que/cto/d/jamaica-2003-toyota-runner/7221934808.html,"$1,100", (queens ny),fair,gas,,clean,automatic,SUV,sub-compact
2001 Buick Lesabre $1500 OBO,Oct 28,https://newyork.craigslist.org/fct/cto/d/bridgeport-2001-buick-lesabre-1500-obo/7221888677.html,"$1,500", (Bridgeport),,gas,,clean,automatic,,
Subaru Outback Legacy LL Bean Edition,Oct 28,https://newyork.craigslist.org/fct/cto/d/brookfield-subaru-outback-legacy-ll/7221668830.html,"$1,000", (-FIRM- Brookfield),good,gas,218000,clean,automatic,hatchback,mid-size
2007 ford taurus for sale,Oct 28,https://newyork.craigslist.org/que/cto/d/far-rockaway-2007-ford-taurus-for-sale/7221654520.html,"$1,000", (far rockaway),good,gas,121235,clean,automatic,,full-size
Ford escape 2009 hybrid for sale,Oct 28,https://newyork.craigslist.org/brk/cto/d/staten-island-ford-escape-2009-hybrid/7221530502.html,"$1,500", (Staten island),fair,hybrid,265000,clean,automatic,SUV,mid-size
Audi a4 2004,Oct 28,https://newyork.craigslist.org/brk/cto/d/brooklyn-audi-a4-2004/7221492704.html,"$1,300", (Brooklyn),fair,gas,137000,clean,automatic,,
1995 Pathfinder SE,Oct 27,https://newyork.craigslist.org/brx/cto/d/bronx-1995-pathfinder-se/7221365341.html,"$1,200", (Bronx),good,gas,,clean,automatic,SUV,mid-size
2002 Ford Focus,Oct 27,https://newyork.craigslist.org/brk/cto/d/brooklyn-2002-ford-focus/7221329616.html,"$1,750","
pic
",,gas,125000,clean,automatic,,
2004 Toyota Camry LE,Oct 27,https://newyork.craigslist.org/mnh/cto/d/new-york-2004-toyota-camry-le/7221245723.html,"$1,900", (Inwood / Wash Hts),good,gas,201500,clean,automatic,sedan,
2002 Chevy Van,Oct 27,https://newyork.craigslist.org/que/cto/d/ozone-park-2002-chevy-van/7221157353.html,"$1,000","
",,gas,,clean,automatic,van,
Ford Mustang 1995 convertible with T-bar,Oct 27,https://newyork.craigslist.org/que/cto/d/astoria-ford-mustang-1995-convertible/7221139035.html,"$1,500","
",good,gas,125000,clean,automatic,convertible,mid-size
Nissan quest for sale 2005,Oct 27,https://newyork.craigslist.org/que/cto/d/brooklyn-nissan-quest-for-sale-2005/7221027400.html,"$1,100", (Ozone park),,gas,,clean,automatic,mini-van,
1990 GMC 2500 PICKUP W/SNOW PLOW,Oct 27,https://newyork.craigslist.org/lgi/cto/d/northport-1990-gmc-2500-pickup-snow-plow/7220965942.html,"$2,000", (N. HUNTINGTON),fair,gas,45466,clean,automatic,pickup,full-size
